"RK",TIERS,"PLAYER NAME",TEAM,"POS","BYE WEEK","UPSIDE ","BUST ","SOS SEASON","ECR VS. ADP"
"1",1,"Bijan Robinson",ATL,"RB1","11","Coach Upside rating","Coach Bust rating","2 out of 5 stars","+1"
"2",1,"Jahmyr Gibbs",DET,"RB2","6","Coach Upside rating","Coach Bust rating","5 out of 5 stars","-1"
"3",1,"Ja'Marr Chase",CIN,"WR1","6","Coach Upside rating","Coach Bust rating","4 out of 5 stars","0"
"4",1,"Puka Nacua",LAR,"WR2","11","Coach Upside rating","Coach Bust rating","1 out of 5 stars","0"
"5",1,"Jaxon Smith-Njigba",SEA,"WR3","11","Coach Upside rating","Coach Bust rating","3 out of 5 stars","0"
"6",1,"Amon-Ra St. Brown",DET,"WR4","6","Coach Upside rating","Coach Bust rating","4 out of 5 stars","+2"
"7",1,"Christian McCaffrey",SF,"RB3","8","Coach Upside rating","Coach Bust rating","2 out of 5 stars","-1"
"8",2,"CeeDee Lamb",DAL,"WR5","14","Coach Upside rating","Coach Bust rating","2 out of 5 stars","+3"
"9",2,"Jonathan Taylor",IND,"RB4","13","Coach Upside rating","Coach Bust rating","4 out of 5 stars","-2"
"10",2,"Justin Jefferson",MIN,"WR6","6","","","5 out of 5 stars","-1"
"11",2,"James Cook III",BUF,"RB5","7","Coach Upside rating","Coach Bust rating","2 out of 5 stars","-1"
"12",2,"Ashton Jeanty",LV,"RB6","13","","","2 out of 5 stars","0"
"13",2,"Drake London",ATL,"WR7","11","","","3 out of 5 stars","+8"
"14",2,"De'Von Achane",MIA,"RB7","6","","","3 out of 5 stars","0"
"15",2,"Nico Collins",HOU,"WR8","8","","","3 out of 5 stars","+8"
"16",3,"Saquon Barkley",PHI,"RB8","10","","","4 out of 5 stars","-3"
"17",3,"Brock Bowers",LV,"TE1","13","Coach Upside rating","Coach Bust rating","3 out of 5 stars","-1"
"18",3,"Chase Brown",CIN,"RB9","6","","","2 out of 5 stars","-1"
"19",3,"A.J. Brown",NE,"WR9","11","","","2 out of 5 stars","+1"
"20",3,"Omarion Hampton",LAC,"RB10","7","","","3 out of 5 stars","-5"
"21",3,"George Pickens",DAL,"WR10","14","","","2 out of 5 stars","+4"
"22",3,"Trey McBride",ARI,"TE2","14","Coach Upside rating","Coach Bust rating","2 out of 5 stars","-3"
"23",3,"Derrick Henry",BAL,"RB11","13","","","3 out of 5 stars","-1"
"24",3,"Kenneth Walker III",KC,"RB12","5","","","3 out of 5 stars","-6"
"25",3,"Chris Olave",NO,"WR11","8","","","3 out of 5 stars","+2"
"26",3,"Josh Allen",BUF,"QB1","7","Coach Upside rating","Coach Bust rating","3 out of 5 stars","-2"
"27",3,"Rashee Rice",KC,"WR12","5","","","2 out of 5 stars","+1"
"28",4,"DeVonta Smith",PHI,"WR13","10","","","4 out of 5 stars","+1"
"29",4,"Jeremiyah Love",ARI,"RB13","14","","","2 out of 5 stars","-3"
"30",4,"Tetairoa McMillan",CAR,"WR14","5","","","2 out of 5 stars","+11"
"31",4,"Tee Higgins",CIN,"WR15","6","","","4 out of 5 stars","+6"
"32",4,"Kyren Williams",LAR,"RB14","11","","","5 out of 5 stars","-2"
"33",4,"Zay Flowers",BAL,"WR16","13","","","4 out of 5 stars","+1"
"34",4,"Lamar Jackson",BAL,"QB2","13","Coach Upside rating","Coach Bust rating","3 out of 5 stars","+10"
"35",4,"Drake Maye",NE,"QB3","11","Coach Upside rating","Coach Bust rating","2 out of 5 stars","+23"
"36",4,"Breece Hall",NYJ,"RB15","13","","","3 out of 5 stars","-5"
"37",4,"Malik Nabers",NYG,"WR17","8","","","4 out of 5 stars","+2"
"38",4,"Josh Jacobs",GB,"RB16","11","","","4 out of 5 stars","0"
"39",4,"Garrett Wilson",NYJ,"WR18","13","","","4 out of 5 stars","+4"
"40",4,"Colston Loveland",CHI,"TE3","10","Coach Upside rating","Coach Bust rating","2 out of 5 stars","-5"
"41",4,"Ladd McConkey",LAC,"WR19","7","","","2 out of 5 stars","+1"
"42",4,"Javonte Williams",DAL,"RB17","14","","","4 out of 5 stars","-10"
"43",4,"Emeka Egbuka",TB,"WR20","10","","","4 out of 5 stars","-7"
"44",4,"Jaylen Waddle",DEN,"WR21","10","","","2 out of 5 stars","+7"
"45",4,"Travis Etienne Jr.",NO,"RB18","8","","","3 out of 5 stars","-12"
"46",4,"Joe Burrow",CIN,"QB4","6","Coach Upside rating","Coach Bust rating","3 out of 5 stars","+3"
"47",4,"Terry McLaurin",WAS,"WR22","7","","","2 out of 5 stars","+5"
"48",5,"Luther Burden III",CHI,"WR23","10","","","3 out of 5 stars","-3"
"49",5,"Davante Adams",LAR,"WR24","11","","","1 out of 5 stars","+7"
"50",5,"Cam Skattebo",NYG,"RB19","8","","","4 out of 5 stars","-10"
"51",5,"Jameson Williams",DET,"WR25","6","","","4 out of 5 stars","+8"
"52",5,"Bucky Irving",TB,"RB20","10","","","2 out of 5 stars","+5"
"53",5,"D'Andre Swift",CHI,"RB21","10","","","2 out of 5 stars","0"
"54",5,"Quinshon Judkins",CLE,"RB22","11","","","3 out of 5 stars","-6"
"55",5,"Mike Evans",SF,"WR26","8","","","2 out of 5 stars","-1"
"56",5,"Tyler Warren",IND,"TE4","13","Coach Upside rating","Coach Bust rating","3 out of 5 stars","-6"
"57",5,"Christian Watson",GB,"WR27","11","","","5 out of 5 stars","+7"
"58",5,"TreVeyon Henderson",NE,"RB23","11","","","2 out of 5 stars","-3"
"59",5,"Jayden Daniels",WAS,"QB5","7","Coach Upside rating","Coach Bust rating","2 out of 5 stars","+2"
"60",5,"DJ Moore",BUF,"WR28","7","","","4 out of 5 stars","-14"
"61",5,"Jalen Hurts",PHI,"QB6","10","","","5 out of 5 stars","+5"
"62",5,"Rome Odunze",CHI,"WR29","10","","","3 out of 5 stars","+1"
"63",5,"David Montgomery",HOU,"RB24","8","","","4 out of 5 stars","-16"
"64",5,"Bhayshul Tuten",JAC,"RB25","7","","","4 out of 5 stars","-4"
"65",5,"Tucker Kraft",GB,"TE5","11","Coach Upside rating","Coach Bust rating","2 out of 5 stars","+3"
"66",5,"Carnell Tate",TEN,"WR30","9","","","3 out of 5 stars","+3"
"67",5,"Caleb Williams",CHI,"QB7","10","","","3 out of 5 stars","-2"
"68",6,"Justin Herbert",LAC,"QB8","7","","","2 out of 5 stars","+15"
"69",6,"Jadarian Price",SEA,"RB26","11","","","4 out of 5 stars","-7"
"70",6,"Jaylen Warren",PIT,"RB27","9","","","2 out of 5 stars","+2"
"71",6,"Marvin Harrison Jr.",ARI,"WR31","14","","","2 out of 5 stars","+2"
"72",6,"Alec Pierce",IND,"WR32","13","","","4 out of 5 stars","+12"
"73",6,"Trevor Lawrence",JAC,"QB9","7","","","4 out of 5 stars","+6"
"74",6,"DK Metcalf",PIT,"WR33","9","","","3 out of 5 stars","+12"
"75",6,"Rhamondre Stevenson",NE,"RB28","11","","","2 out of 5 stars","0"
"76",6,"Chuba Hubbard",CAR,"RB29","5","","","1 out of 5 stars","+1"
"77",6,"Tony Pollard",TEN,"RB30","9","","","3 out of 5 stars","-6"
"78",6,"Harold Fannin Jr.",CLE,"TE6","11","","","3 out of 5 stars","-2"
"79",6,"Courtland Sutton",DEN,"WR34","10","","","2 out of 5 stars","+8"
"80",6,"Rico Dowdle",PIT,"RB31","9","","","2 out of 5 stars","+5"
"81",6,"Brian Thomas Jr.",JAC,"WR35","7","","","4 out of 5 stars","-14"
"82",6,"Dak Prescott",DAL,"QB10","14","","","2 out of 5 stars","-12"
"83",6,"Kyle Pitts Sr.",ATL,"TE7","11","","","3 out of 5 stars","-9"
"84",6,"Sam LaPorta",DET,"TE8","6","","","3 out of 5 stars","-3"
"85",6,"Jaxson Dart",NYG,"QB11","8","","","4 out of 5 stars","+6"
"86",6,"Chris Godwin Jr.",TB,"WR36","10","","","4 out of 5 stars","+6"
"87",6,"Jordyn Tyson",NO,"WR37","8","","","3 out of 5 stars","-7"
"88",6,"RJ Harvey",DEN,"RB32","10","","","2 out of 5 stars","-6"
"89",6,"Parker Washington",JAC,"WR38","7","","","4 out of 5 stars","-11"
"90",6,"Brock Purdy",SF,"QB12","8","","","1 out of 5 stars","+8"
"91",6,"Michael Wilson",ARI,"WR39","14","","","2 out of 5 stars","-2"
"92",6,"Kyle Monangai",CHI,"RB33","10","","","2 out of 5 stars","-2"
"93",6,"Makai Lemon",PHI,"WR40","10","","","4 out of 5 stars","+2"
"94",6,"Blake Corum",LAR,"RB34","11","","","5 out of 5 stars","+5"
"95",6,"Michael Pittman Jr.",PIT,"WR41","9","","","3 out of 5 stars","+8"
"96",7,"J.K. Dobbins",DEN,"RB35","10","","","2 out of 5 stars","+1"
"97",7,"Patrick Mahomes II",KC,"QB13","5","","","2 out of 5 stars","-3"
"98",7,"Jakobi Meyers",JAC,"WR42","7","","","4 out of 5 stars","+14"
"99",7,"Bo Nix",DEN,"QB14","10","","","3 out of 5 stars","+8"
"100",7,"Kenny Gainwell",TB,"RB36","10","","","2 out of 5 stars","+2"
"101",7,"Quentin Johnston",LAC,"WR43","7","","","2 out of 5 stars","-8"
"102",7,"Travis Kelce",KC,"TE9","5","","","4 out of 5 stars","+4"
"103",7,"Matthew Stafford",LAR,"QB15","11","","","3 out of 5 stars","-15"
"104",7,"Jordan Addison",MIN,"WR44","6","","","5 out of 5 stars","+4"
"105",7,"Ricky Pearsall",SF,"WR45","8","","","2 out of 5 stars","+6"
"106",7,"Wan'Dale Robinson",TEN,"WR46","9","","","3 out of 5 stars","+3"
"107",7,"Aaron Jones Sr.",MIN,"RB37","6","","","4 out of 5 stars","+17"
"108",7,"Dalton Kincaid",BUF,"TE10","7","","","3 out of 5 stars","+6"
"109",7,"Rachaad White",WAS,"RB38","7","","","4 out of 5 stars","+4"
"110",7,"Jared Goff",DET,"QB16","6","","","5 out of 5 stars","-9"
"111",7,"Jayden Reed",GB,"WR47","11","","","5 out of 5 stars","-6"
"112",7,"George Kittle",SF,"TE11","8","","","3 out of 5 stars","-16"
"113",7,"Kyler Murray",MIN,"QB17","6","","","5 out of 5 stars","+3"
"114",7,"Josh Downs",IND,"WR48","13","","","4 out of 5 stars","-4"
"115",7,"Jacory Croskey-Merritt",WAS,"RB39","7","","","4 out of 5 stars","+10"
"116",7,"Jake Ferguson",DAL,"TE12","14","","","2 out of 5 stars","+2"
"117",7,"Isaiah Likely",NYG,"TE13","8","","","3 out of 5 stars","-17"
"118",7,"Dallas Goedert",PHI,"TE14","10","","","4 out of 5 stars","-1"
"119",7,"Jordan Mason",MIN,"RB40","6","","","4 out of 5 stars","0"
"120",7,"Jordan Love",GB,"QB18","11","","","4 out of 5 stars","0"
"121",7,"Xavier Worthy",KC,"WR49","5","","","2 out of 5 stars","-6"
"122",7,"Baker Mayfield",TB,"QB19","10","","","2 out of 5 stars","0"
"123",7,"Jayden Higgins",HOU,"WR50","8","","","3 out of 5 stars","+11"
"124",7,"Tyrone Tracy Jr.",NYG,"RB41","8","","","4 out of 5 stars","+7"
"125",7,"Tyler Shough",NO,"QB20","8","","","3 out of 5 stars","-2"
"126",7,"Khalil Shakir",BUF,"WR51","7","","","4 out of 5 stars","+4"
"127",7,"Mark Andrews",BAL,"TE15","13","","","4 out of 5 stars","-6"
"128",7,"Romeo Doubs",NE,"WR52","11","","","2 out of 5 stars","-1"
"129",7,"Chris Rodriguez Jr.",JAC,"RB42","7","","","4 out of 5 stars","+6"
"130",8,"KC Concepcion",CLE,"WR53","11","","","3 out of 5 stars","-2"
"131",8,"Malik Willis",MIA,"QB21","6","","","3 out of 5 stars","-2"
"132",8,"Zach Charbonnet",SEA,"RB43","11","","","4 out of 5 stars","+10"
"133",8,"Tyler Allgeier",ARI,"RB44","14","","","2 out of 5 stars","+21"
"134",8,"Jonathon Brooks",CAR,"RB45","5","","","1 out of 5 stars","-30"
"135",8,"Jalen Coker",CAR,"WR54","5","","","2 out of 5 stars","+2"
"136",8,"Matthew Golden",GB,"WR55","11","","","5 out of 5 stars","-10"
"137",8,"Woody Marks",HOU,"RB46","8","","","4 out of 5 stars","+1"
"138",8,"Isiah Pacheco",DET,"RB47","6","","","5 out of 5 stars","+6"
"139",8,"Juwan Johnson",NO,"TE16","8","","","2 out of 5 stars","+1"
"140",8,"Tyjae Spears",TEN,"RB48","9","","","3 out of 5 stars","+11"
"141",8,"Dylan Sampson",CLE,"RB49","11","","","3 out of 5 stars","+23"
"142",8,"C.J. Stroud",HOU,"QB22","8","","","4 out of 5 stars","-1"
"143",8,"Brenton Strange",JAC,"TE17","7","","","3 out of 5 stars","-4"
"144",8,"Hunter Henry",NE,"TE18","11","","","4 out of 5 stars","+3"
"145",8,"Oronde Gadsden II",LAC,"TE19","7","","","4 out of 5 stars","-2"
"146",8,"Rashid Shaheed",SEA,"WR56","11","","","3 out of 5 stars","-10"
"147",8,"Keaton Mitchell",LAC,"RB50","7","","","3 out of 5 stars","+1"
"148",8,"Sam Darnold",SEA,"QB23","11","","","4 out of 5 stars","-16"
"149",8,"Cam Ward",TEN,"QB24","9","","","3 out of 5 stars","-4"
"150",8,"Brian Robinson Jr.",ATL,"RB51","11","","","2 out of 5 stars","+12"
"151",8,"Alvin Kamara",NO,"RB52","8","","","3 out of 5 stars","+10"
"152",8,"Omar Cooper Jr.",NYJ,"WR57","13","","","4 out of 5 stars","+7"
"153",8,"Jerry Jeudy",CLE,"WR58","11","","","3 out of 5 stars","+19"
"154",8,"Tank Bigsby",PHI,"RB53","10","","","4 out of 5 stars","+12"
"155",8,"Chig Okonkwo",WAS,"TE20","7","","","1 out of 5 stars","-22"
"156",8,"Jauan Jennings",MIN,"WR59","6","","","5 out of 5 stars","+2"
"157",8,"Jonah Coleman",DEN,"RB54","10","","","2 out of 5 stars","-2"
"158",8,"Denzel Boston",CLE,"WR60","11","","","3 out of 5 stars","+2"
"159",8,"Daniel Jones",IND,"QB25","13","","","4 out of 5 stars","-10"
"160",8,"Jalen McMillan",TB,"WR61","10","","","4 out of 5 stars","-7"
"161",8,"Dalton Schultz",HOU,"TE21","8","","","4 out of 5 stars","+2"
"162",8,"Adonai Mitchell",NYJ,"WR62","13","","","4 out of 5 stars","+20"
"163",8,"Travis Hunter",JAC,"WR63","7","","","4 out of 5 stars","+42"
"164",8,"Bryce Young",CAR,"QB26","5","","","2 out of 5 stars","-7"
"165",8,"Braelon Allen",NYJ,"RB55","13","","","3 out of 5 stars","+28"
"166",9,"Kayshon Boutte",NE,"WR64","11","","","2 out of 5 stars","+33"
"167",9,"Tre Tucker",LV,"WR65","13","","","2 out of 5 stars","0"
"168",9,"Kenyon Sadiq",NYJ,"TE22","13","","","4 out of 5 stars","-18"
"169",9,"Tre' Harris",LAC,"WR66","7","","","2 out of 5 stars","+16"
"170",9,"Ryan Flournoy",DAL,"WR67","14","","","2 out of 5 stars","+14"
"171",9,"Troy Franklin",DEN,"WR68","10","","","2 out of 5 stars","+48"
"172",9,"T.J. Hockenson",MIN,"TE23","6","","","4 out of 5 stars","-16"
"173",9,"AJ Barner",SEA,"TE24","11","","","3 out of 5 stars","+2"
"174",9,"Emanuel Wilson",SEA,"RB56","11","","","4 out of 5 stars","+37"
"175",9,"Isaac TeSlaa",DET,"WR69","6","","","4 out of 5 stars","+3"
"176",9,"James Conner",ARI,"RB57","14","","","2 out of 5 stars","+44"
"177",9,"Calvin Ridley",TEN,"WR70","9","","","3 out of 5 stars","0"
"178",9,"Kimani Vidal",LAC,"RB58","7","","","3 out of 5 stars","+29"
"179",9,"Stefon Diggs",FA,"WR71","-","","","-","-33"
"180",9,"Jaylin Noel",HOU,"WR72","8","","","3 out of 5 stars","+51"
"181",9,"Houston Texans",HOU,"DST1","8","","","2 out of 5 stars","-"
"182",9,"Ray Davis",BUF,"RB59","7","","","2 out of 5 stars","+18"
"183",9,"Jacoby Brissett",ARI,"QB27","14","","","2 out of 5 stars","-14"
"184",9,"Pat Bryant",DEN,"WR73","10","","","2 out of 5 stars","+51"
"185",9,"Emmett Johnson",KC,"RB60","5","","","3 out of 5 stars","+3"
"186",9,"Darnell Mooney",NYG,"WR74","8","","","4 out of 5 stars","+31"
"187",9,"Gunnar Helm",TEN,"TE25","9","","","3 out of 5 stars","-11"
"188",9,"Deebo Samuel Sr.",FA,"WR75","-","","","-","-18"
"189",9,"Mike Washington Jr.",LV,"RB61","13","","","2 out of 5 stars","+1"
"190",9,"Sean Tucker",TB,"RB62","10","","","2 out of 5 stars","-7"
"191",9,"Jalen Nailor",LV,"WR76","13","","","2 out of 5 stars","-39"
"192",9,"De'Zhaun Stribling",SF,"WR77","8","","","2 out of 5 stars","0"
"193",9,"Denver Broncos",DEN,"DST2","10","","","4 out of 5 stars","-"
"194",9,"Seattle Seahawks",SEA,"DST3","11","","","2 out of 5 stars","-"
"195",9,"Malik Washington",MIA,"WR78","6","","","3 out of 5 stars","-16"
"196",9,"Los Angeles Rams",LAR,"DST4","11","","","2 out of 5 stars","-"
"197",9,"Pat Freiermuth",PIT,"TE26","9","","","2 out of 5 stars","-3"
"198",9,"David Njoku",LAC,"TE27","7","","","4 out of 5 stars","-17"
"199",9,"Philadelphia Eagles",PHI,"DST5","10","","","0 out of 5 stars","-"
"200",9,"Terrance Ferguson",LAR,"TE28","11","","","4 out of 5 stars","-2"
"201",9,"Nicholas Singleton",TEN,"RB63","9","","","3 out of 5 stars","-14"
"202",9,"Pittsburgh Steelers",PIT,"DST6","9","","","5 out of 5 stars","-"
"203",9,"Jacksonville Jaguars",JAC,"DST7","7","","","3 out of 5 stars","-"
"204",9,"Ka'imi Fairbairn",HOU,"K1","8","","","2 out of 5 stars","-"
"205",9,"Ted Hurst III",TB,"WR79","10","","","4 out of 5 stars","+19"
"206",9,"Chimere Dike",TEN,"WR80","9","","","3 out of 5 stars","+41"
"207",9,"Cameron Dicker",LAC,"K2","7","","","2 out of 5 stars","-"
"208",9,"Brandon Aubrey",DAL,"K3","14","","","2 out of 5 stars","-"
"209",9,"New England Patriots",NE,"DST8","11","","","3 out of 5 stars","-"
"210",9,"Minnesota Vikings",MIN,"DST9","6","","","1 out of 5 stars","-"
"211",9,"Cade Otton",TB,"TE29","10","","","2 out of 5 stars","-31"
"212",10,"Cam Little",JAC,"K4","7","","","4 out of 5 stars","-"
"213",10,"Dontayvion Wicks",PHI,"WR81","10","","","4 out of 5 stars","-1"
"214",10,"Jason Myers",SEA,"K5","11","","","4 out of 5 stars","-"
"215",10,"Brandon Aiyuk",SF,"WR82","8","","","2 out of 5 stars","-24"
"216",10,"Germie Bernard",PIT,"WR83","9","","","3 out of 5 stars","-14"
"217",10,"Los Angeles Chargers",LAC,"DST10","7","","","3 out of 5 stars","-"
"218",10,"Antonio Williams",WAS,"WR84","7","","","2 out of 5 stars","-45"
"219",10,"Kaytron Allen",WAS,"RB64","7","","","4 out of 5 stars","-22"
"220",10,"Jaylen Wright",MIA,"RB65","6","","","3 out of 5 stars","+10"
"221",10,"Tank Dell",HOU,"WR85","8","","","3 out of 5 stars","-26"
"222",10,"Eddy Pineiro",SF,"K6","8","","","5 out of 5 stars","-"
"223",10,"Rashod Bateman",BAL,"WR86","13","","","4 out of 5 stars","+19"
"224",10,"Ollie Gordon II",MIA,"RB66","6","","","3 out of 5 stars","+36"
"225",10,"Tyler Loop",BAL,"K7","13","","","3 out of 5 stars","-"
"226",10,"Aaron Rodgers",PIT,"QB28","9","","","2 out of 5 stars","-61"
"227",10,"Geno Smith",NYJ,"QB29","13","","","4 out of 5 stars","-53"
"228",10,"Cooper Kupp",SEA,"WR87","11","","","3 out of 5 stars","-15"
"229",10,"Kansas City Chiefs",KC,"DST11","5","","","3 out of 5 stars","-"
"230",10,"Baltimore Ravens",BAL,"DST12","13","","","5 out of 5 stars","-"
"231",10,"Colby Parkinson",LAR,"TE30","11","","","4 out of 5 stars","-10"
"232",10,"Zachariah Branch",ATL,"WR88","11","","","3 out of 5 stars","-43"
"233",10,"Green Bay Packers",GB,"DST13","11","","","2 out of 5 stars","-"
"234",10,"Cairo Santos",CHI,"K8","10","","","0 out of 5 stars","-"
"235",10,"MarShawn Lloyd",GB,"RB67","11","","","4 out of 5 stars","-32"
"236",10,"Jake Bates",DET,"K9","6","","","5 out of 5 stars","-"
"237",10,"Evan McPherson",CIN,"K10","6","","","2 out of 5 stars","-"
"238",10,"Seth McGowan",IND,"RB68","13","","","4 out of 5 stars","+80"
"239",10,"Elic Ayomanor",TEN,"WR89","9","","","3 out of 5 stars","+46"
"240",10,"Andy Borregales",NE,"K11","11","","","1 out of 5 stars","-"
"241",10,"Fernando Mendoza",LV,"QB30","13","","","1 out of 5 stars","-73"
"242",10,"Detroit Lions",DET,"DST14","6","","","5 out of 5 stars","-"
"243",10,"Justice Hill",BAL,"RB69","13","","","3 out of 5 stars","-34"
"244",10,"Buffalo Bills",BUF,"DST15","7","","","3 out of 5 stars","-"
"245",10,"Jack Bech",LV,"WR90","13","","","2 out of 5 stars","+5"
"246",10,"Cleveland Browns",CLE,"DST16","11","","","5 out of 5 stars","-"
"247",10,"Eli Stowers",PHI,"TE31","10","","","4 out of 5 stars","-46"
"248",10,"Chase McLaughlin",TB,"K12","10","","","3 out of 5 stars","-"
"249",10,"Keon Coleman",BUF,"WR91","7","","","4 out of 5 stars","-21"
"250",10,"Harrison Mevis",LAR,"K13","11","","","2 out of 5 stars","-"
"251",10,"Malik Davis",DAL,"RB70","14","","","4 out of 5 stars","+15"
"252",10,"Elijah Sarratt",BAL,"WR92","13","","","4 out of 5 stars","-19"
"253",10,"Christian Kirk",SF,"WR93","8","","","2 out of 5 stars","-43"
"254",10,"Tory Horton",SEA,"WR94","11","","","3 out of 5 stars","-11"
"255",10,"Oscar Delp",NO,"TE32","8","","","2 out of 5 stars","+24"
"256",10,"Evan Engram",DEN,"TE33","10","","","4 out of 5 stars","-30"
"257",10,"Tyreek Hill",FA,"WR95","-","","","-","-71"
"258",10,"Harrison Butker",KC,"K14","5","","","5 out of 5 stars","-"
"259",10,"Ty Johnson",BUF,"RB71","7","","","2 out of 5 stars","-19"
"260",10,"Chris Brooks",GB,"RB72","11","","","4 out of 5 stars","-6"
"261",10,"Chris Boswell",PIT,"K15","9","","","4 out of 5 stars","-"
"262",10,"Jordan James",SF,"RB73","8","","","2 out of 5 stars","-54"
"263",10,"Chris Bell",MIA,"WR96","6","","","3 out of 5 stars","-40"
"264",10,"Malachi Fields",NYG,"WR97","8","","","4 out of 5 stars","-58"
"265",10,"DJ Giddens",IND,"RB74","13","","","4 out of 5 stars","-20"
"266",10,"Devin Neal",NO,"RB75","8","","","3 out of 5 stars","+16"
"267",10,"Jaydon Blue",DAL,"RB76","14","","","4 out of 5 stars","-63"
"268",10,"Samaje Perine",CIN,"RB77","6","","","2 out of 5 stars","-36"
"269",10,"Tua Tagovailoa",ATL,"QB31","11","","","4 out of 5 stars","-73"
"270",10,"Kaleb Johnson",PIT,"RB78","9","","","2 out of 5 stars","0"
"271",10,"Michael Penix Jr.",ATL,"QB32","11","","","4 out of 5 stars","-49"
"272",10,"Demond Claiborne",MIN,"RB79","6","","","4 out of 5 stars","-58"
"273",10,"George Holani",SEA,"RB80","11","","","4 out of 5 stars","-58"
"274",11,"Marvin Mims Jr.",DEN,"WR98","10","","","2 out of 5 stars","+20"
"275",11,"Tyquan Thornton",KC,"WR99","5","","","2 out of 5 stars","-41"
"276",11,"Trey Benson",ARI,"RB81","14","","","2 out of 5 stars","+72"
"277",11,"Chris Brazzell II",CAR,"WR100","5","","","2 out of 5 stars","-41"
"278",11,"Wil Lutz",DEN,"K16","10","","","1 out of 5 stars","-"
"279",11,"Mason Taylor",NYJ,"TE34","13","","","4 out of 5 stars","-15"
"280",11,"Theo Johnson",NYG,"TE35","8","","","3 out of 5 stars","-34"
"281",11,"Isaiah Davis",NYJ,"RB82","13","","","3 out of 5 stars","+33"
"282",11,"Devaughn Vele",NO,"WR101","8","","","3 out of 5 stars","-44"
"283",11,"LeQuint Allen Jr.",JAC,"RB83","7","","","4 out of 5 stars","-21"
"284",11,"Shedeur Sanders",CLE,"QB33","11","","","4 out of 5 stars","-68"
"285",11,"Devin Singletary",NYG,"RB84","8","","","4 out of 5 stars","-30"
"286",11,"Atlanta Falcons",ATL,"DST17","11","","","4 out of 5 stars","-"
"287",11,"Darius Slayton",NYG,"WR102","8","","","4 out of 5 stars","-20"
"288",11,"Xavier Legette",CAR,"WR103","5","","","2 out of 5 stars","0"
"289",11,"Will Reichard",MIN,"K17","6","","","2 out of 5 stars","-"
"290",11,"Brashard Smith",KC,"RB85","5","","","3 out of 5 stars","+98"
"291",11,"Emari Demercado",KC,"RB86","5","","","3 out of 5 stars","-35"
"292",11,"Kirk Cousins",LV,"QB34","13","","","1 out of 5 stars","-65"
"293",11,"Kendre Miller",NO,"RB87","8","","","3 out of 5 stars","-"
"294",11,"Greg Dulcich",MIA,"TE36","6","","","5 out of 5 stars","-123"
"295",11,"Kyle Williams",NE,"WR104","11","","","2 out of 5 stars","+2"
"296",11,"Keenan Allen",LAC,"WR105","7","","","2 out of 5 stars","-52"
"297",11,"Hollywood Brown",PHI,"WR106","10","","","4 out of 5 stars","-40"
"298",11,"Mack Hollins",NE,"WR107","11","","","2 out of 5 stars","+15"
"299",11,"Jerome Ford",WAS,"RB88","7","","","4 out of 5 stars","+44"
"300",11,"Najee Harris",LAC,"RB89","7","","","3 out of 5 stars","-23"
"301",11,"Deshaun Watson",CLE,"QB35","11","","","4 out of 5 stars","-83"
"302",11,"Kaelon Black",SF,"RB90","8","","","2 out of 5 stars","-65"
"303",11,"San Francisco 49ers",SF,"DST18","8","","","3 out of 5 stars","-"
"304",11,"Adam Randall",BAL,"RB91","13","","","3 out of 5 stars","-43"
"305",11,"Mike Gesicki",CIN,"TE37","6","","","3 out of 5 stars","-80"
"306",11,"Indianapolis Colts",IND,"DST19","13","","","5 out of 5 stars","-"
"307",11,"Charlie Smyth",NO,"K18","8","","","5 out of 5 stars","-"
"308",11,"Trevor Etienne",CAR,"RB92","5","","","1 out of 5 stars","+22"
"309",11,"Isaiah Bond",CLE,"WR108","11","","","3 out of 5 stars","-23"
"310",11,"Isaac Guerendo",SF,"RB93","8","","","2 out of 5 stars","+48"
"311",11,"Jaleel McLaughlin",DEN,"RB94","10","","","2 out of 5 stars","-"
"312",11,"Tahj Brooks",CIN,"RB95","6","","","2 out of 5 stars","-13"
"313",11,"Skyler Bell",BUF,"WR109","7","","","4 out of 5 stars","-60"
"314",11,"Jake Tonges",SF,"TE38","8","","","3 out of 5 stars","-85"
"315",11,"Joe Mixon",FA,"RB96","-","","","-","-56"
"316",11,"Ja'Kobi Lane",BAL,"WR110","13","","","4 out of 5 stars","-67"
"317",11,"Jarquez Hunter",LAR,"RB97","11","","","5 out of 5 stars","+48"
"318",12,"Audric Estime",NO,"RB98","8","","","3 out of 5 stars","-"
"319",12,"New Orleans Saints",NO,"DST20","8","","","5 out of 5 stars","-"
"320",12,"Kareem Hunt",FA,"RB99","-","","","-","-51"
"321",12,"Andrei Iosivas",CIN,"WR111","6","","","4 out of 5 stars","-58"
"322",12,"Darnell Washington",PIT,"TE39","9","","","2 out of 5 stars","-81"
"323",12,"Cedric Tillman",CLE,"WR112","11","","","3 out of 5 stars","+75"
"324",12,"Chicago Bears",CHI,"DST21","10","","","2 out of 5 stars","-"
"325",12,"J.J. McCarthy",MIN,"QB36","6","","","5 out of 5 stars","-45"
"326",12,"Will Shipley",PHI,"RB100","10","","","4 out of 5 stars","+47"
"327",12,"Jalen Royals",KC,"WR113","5","","","2 out of 5 stars","-11"
"328",12,"Jahan Dotson",ATL,"WR114","11","","","3 out of 5 stars","-63"
"329",12,"Calvin Austin III",NYG,"WR115","8","","","4 out of 5 stars","-22"
"330",12,"Tez Johnson",TB,"WR116","10","","","4 out of 5 stars","-41"
"331",12,"Luke McCaffrey",WAS,"WR117","7","","","2 out of 5 stars","-20"
"332",12,"Max Klare",LAR,"TE40","11","","","4 out of 5 stars","-27"
"333",12,"Konata Mumpfield",LAR,"WR118","11","","","1 out of 5 stars","-18"
"334",12,"Caleb Douglas",MIA,"WR119","6","","","3 out of 5 stars","-82"
"335",12,"Olamide Zaccheaus",ATL,"WR120","11","","","3 out of 5 stars","-9"
"336",12,"Jalen Tolbert",MIA,"WR121","6","","","3 out of 5 stars","-88"
"337",12,"Mac Jones",SF,"QB37","8","","","1 out of 5 stars","-35"
"338",12,"Noah Gray",KC,"TE41","5","","","4 out of 5 stars","-43"
"339",12,"Elijah Arroyo",SEA,"TE42","11","","","3 out of 5 stars","-65"
"340",12,"Bam Knight",ARI,"RB101","14","","","2 out of 5 stars","-"
"341",12,"Cole Kmet",CHI,"TE43","10","","","2 out of 5 stars","-57"
"342",12,"Tyler Higbee",LAR,"TE44","11","","","4 out of 5 stars","+38"
"343",12,"Xavier Hutchinson",HOU,"WR122","8","","","3 out of 5 stars","-15"
"344",12,"Eli Heidenreich",PIT,"RB102","9","","","2 out of 5 stars","-32"
"345",12,"Dawson Knox",BUF,"TE45","7","","","3 out of 5 stars","-72"
"346",12,"Dont'e Thornton Jr.",LV,"WR123","13","","","2 out of 5 stars","-12"
"347",12,"J'Mari Taylor",JAC,"RB103","7","","","4 out of 5 stars","+27"
"348",12,"Michael Mayer",LV,"TE46","13","","","3 out of 5 stars","-97"
"349",12,"Joshua Palmer",BUF,"WR124","7","","","4 out of 5 stars","-41"
"350",12,"Brenen Thompson",LAC,"WR125","7","","","2 out of 5 stars","-69"
"351",12,"Ja'Tavion Sanders",CAR,"TE47","5","","","2 out of 5 stars","-76"
"352",12,"Carson Beck",ARI,"QB38","14","","","2 out of 5 stars","-94"
"353",12,"Jawhar Jordan",HOU,"RB104","8","","","4 out of 5 stars","+1"
"354",12,"Nick Chubb",FA,"RB105","-","","","-","-"
"355",12,"DeMario Douglas",NE,"WR126","11","","","2 out of 5 stars","-15"
"356",12,"John Metchie III",CAR,"WR127","5","","","2 out of 5 stars","-11"
"357",12,"Carolina Panthers",CAR,"DST22","5","","","3 out of 5 stars","-"
"358",12,"Ty Simpson",LAR,"QB39","11","","","3 out of 5 stars","-34"
"359",12,"Bryce Lance",NO,"WR128","8","","","3 out of 5 stars","-67"
"360",12,"Kendrick Bourne",ARI,"WR129","14","","","2 out of 5 stars","-73"
"361",12,"Justin Fields",KC,"QB40","5","","","2 out of 5 stars","-83"
"362",12,"Michael Carter",TEN,"RB106","9","","","3 out of 5 stars","+31"
"363",12,"Treylon Burks",WAS,"WR130","7","","","2 out of 5 stars","-73"
"364",12,"Noah Fant",NO,"TE48","8","","","2 out of 5 stars","+7"
"365",12,"Nick Westbrook-Ikhine",IND,"WR131","13","","","4 out of 5 stars","-43"
"366",12,"Kalif Raymond",CHI,"WR132","10","","","3 out of 5 stars","-46"
"367",12,"Raheim Sanders",CLE,"RB107","11","","","3 out of 5 stars","-"
"368",12,"Anthony Richardson Sr.",IND,"QB41","13","","","4 out of 5 stars","-62"
"369",12,"Justin Joly",DEN,"TE49","10","","","4 out of 5 stars","-68"
"370",12,"Austin Ekeler",FA,"RB108","-","","","-","-131"
"371",12,"Jaylin Lane",WAS,"WR133","7","","","2 out of 5 stars","-44"
"372",12,"KaVontae Turpin",DAL,"WR134","14","","","2 out of 5 stars","-89"
"373",12,"Zavion Thomas",CHI,"WR135","10","","","3 out of 5 stars","-105"
"374",12,"Savion Williams",GB,"WR136","11","","","5 out of 5 stars","-98"
"375",12,"Eli Raridon",NE,"TE50","11","","","4 out of 5 stars","-84"
"376",12,"Tyler Bass",BUF,"K19","7","","","2 out of 5 stars","-"
"377",12,"Luke Musgrave",GB,"TE51","11","","","2 out of 5 stars","-33"
"378",13,"Kevin Coleman Jr.",MIA,"WR137","6","","","3 out of 5 stars","-75"
"379",13,"Tommy Tremble",CAR,"TE52","5","","","2 out of 5 stars","-27"
"380",13,"Ben Sinnott",WAS,"TE53","7","","","1 out of 5 stars","-47"
"381",13,"Phil Mafah",DAL,"RB109","14","","","4 out of 5 stars","+14"
"382",13,"Tutu Atwell",MIA,"WR138","6","","","3 out of 5 stars","-35"
"383",13,"Dallas Cowboys",DAL,"DST23","14","","","1 out of 5 stars","-"
"384",13,"Zane Gonzalez",MIA,"K20","6","","","2 out of 5 stars","-"
"385",13,"Deion Burks",IND,"WR139","13","","","4 out of 5 stars","-29"
"386",13,"Mitchell Evans",CAR,"TE54","5","","","2 out of 5 stars","-36"
"387",13,"Jordan Whittington",LAR,"WR140","11","","","1 out of 5 stars","-28"
"388",13,"Daniel Bellinger",TEN,"TE55","9","","","3 out of 5 stars","-18"
"389",13,"Dameon Pierce",PHI,"RB110","10","","","4 out of 5 stars","-"
"390",13,"Elijah Higgins",ARI,"TE56","14","","","2 out of 5 stars","-"
"391",13,"Greg Dortch",DET,"WR141","6","","","4 out of 5 stars","-36"
"392",13,"Zach Ertz",FA,"TE57","-","","","-","-"
"393",13,"Roschon Johnson",CHI,"RB111","10","","","2 out of 5 stars","-"
"394",13,"Darren Waller",FA,"TE58","-","","","-","+13"
"395",13,"Jake Elliott",PHI,"K21","10","","","5 out of 5 stars","-"
"396",13,"Cyrus Allen",KC,"WR142","5","","","2 out of 5 stars","-100"
"397",13,"Kyle Juszczyk",SF,"RB112","8","","","2 out of 5 stars","-7"
"398",13,"John Bates",WAS,"TE59","7","","","1 out of 5 stars","-"
"399",13,"Dyami Brown",WAS,"WR143","7","","","2 out of 5 stars","-60"
"400",13,"Rasheen Ali",BAL,"RB113","13","","","3 out of 5 stars","-"
"401",13,"Cincinnati Bengals",CIN,"DST24","6","","","4 out of 5 stars","-"
"402",13,"Terrell Jennings",NE,"RB114","11","","","2 out of 5 stars","-"
"403",13,"Tommy Myers",FA,"TE60","-","","","-","-"
"404",13,"Jonnu Smith",FA,"TE61","-","","","-","+4"
"405",13,"Antonio Gibson",FA,"RB115","-","","","-","-"
"406",13,"Tyler Lockett",LV,"WR144","13","","","2 out of 5 stars","-"
"407",13,"CJ Daniels",LAR,"WR145","11","","","1 out of 5 stars","-90"
"408",13,"Jeremy McNichols",WAS,"RB116","7","","","4 out of 5 stars","-"
"409",13,"Erick All Jr.",CIN,"TE62","6","","","3 out of 5 stars","-116"
"410",13,"Tampa Bay Buccaneers",TB,"DST25","10","","","4 out of 5 stars","-"
"411",13,"Damien Martinez",GB,"RB117","11","","","4 out of 5 stars","-17"
"412",13,"Josh Oliver",MIN,"TE63","6","","","4 out of 5 stars","-30"
"413",13,"New York Giants",NYG,"DST26","8","","","1 out of 5 stars","-"
"414",13,"DeAndre Hopkins",BAL,"WR146","13","","","4 out of 5 stars","-8"
"415",13,"Jam Miller",NE,"RB118","11","","","2 out of 5 stars","-"
"416",13,"Marcus Mariota",WAS,"QB42","7","","","2 out of 5 stars","-56"
"417",13,"Joe Flacco",CIN,"QB43","6","","","3 out of 5 stars","-71"
"418",13,"Devontez Walker",BAL,"WR147","13","","","4 out of 5 stars","-146"
"419",13,"Dylan Laube",LV,"RB119","13","","","2 out of 5 stars","-"
"420",13,"Austin Hooper",ATL,"TE64","11","","","3 out of 5 stars","-43"
"421",13,"Marlin Klein",HOU,"TE65","8","","","4 out of 5 stars","-38"
"422",13,"Ashton Dulin",IND,"WR148","13","","","4 out of 5 stars","-122"
"423",13,"Adam Trautman",DEN,"TE66","10","","","4 out of 5 stars","-"
"424",13,"Brock Wright",DET,"TE67","6","","","3 out of 5 stars","-38"
"425",13,"Luke Schoonmaker",DAL,"TE68","14","","","2 out of 5 stars","-"
"426",13,"Miles Sanders",FA,"RB120","-","","","-","-"
"427",13,"Elijah Moore",PHI,"WR149","10","","","4 out of 5 stars","-"
"428",13,"Jahdae Walker",CHI,"WR150","10","","","3 out of 5 stars","-93"
"429",13,"Roman Wilson",PIT,"WR151","9","","","3 out of 5 stars","-119"
"430",13,"Odell Beckham Jr.",NYG,"WR152","8","","","4 out of 5 stars","-132"
"431",13,"Trey Smack",GB,"K22","11","","","4 out of 5 stars","-"
"432",13,"Sterling Shepard",FA,"WR153","-","","","-","-"
"433",13,"Mitch Tinsley",CIN,"WR154","6","","","4 out of 5 stars","-65"
"434",13,"Nate Boerkircher",JAC,"TE69","7","","","3 out of 5 stars","-77"
"435",13,"Brittain Brown",CHI,"RB121","10","","","2 out of 5 stars","-"
"436",13,"Jaret Patterson",LAC,"RB122","7","","","3 out of 5 stars","-"
"437",13,"Demarcus Robinson",SF,"WR155","8","","","2 out of 5 stars","-58"
"438",13,"Tennessee Titans",TEN,"DST27","9","","","2 out of 5 stars","-"
"439",13,"Jameis Winston",NYG,"QB44","8","","","4 out of 5 stars","-103"
"440",13,"Colbie Young",CIN,"WR156","6","","","4 out of 5 stars","-108"
"441",13,"Raheem Mostert",LV,"RB123","13","","","2 out of 5 stars","-"
"442",13,"Elijah Mitchell",PHI,"RB124","10","","","4 out of 5 stars","-"
"443",13,"Khalil Herbert",FA,"RB125","-","","","-","-"
"444",13,"Miami Dolphins",MIA,"DST28","6","","","3 out of 5 stars","-"
"445",13,"Ameer Abdullah",JAC,"RB126","7","","","4 out of 5 stars","-"
"446",13,"Tanner Hudson",CIN,"TE70","6","","","3 out of 5 stars","-"
"447",13,"Jaydn Ott",KC,"RB127","5","","","3 out of 5 stars","-"
"448",13,"Xavier Smith",LAR,"WR157","11","","","1 out of 5 stars","-61"
"449",13,"Ty Chandler",NO,"RB128","8","","","3 out of 5 stars","-"
"450",13,"Jackson Hawes",BUF,"TE71","7","","","3 out of 5 stars","-69"
"451",13,"AJ Dillon",CAR,"RB129","5","","","1 out of 5 stars","-"
"452",13,"Sione Vaki",DET,"RB130","6","","","5 out of 5 stars","-52"
"453",13,"Kevin Austin Jr.",NO,"WR158","8","","","3 out of 5 stars","-"
"454",13,"Alexander Mattison",FA,"RB131","-","","","-","-"
"455",13,"Sam Roush",CHI,"TE72","10","","","2 out of 5 stars","-106"
"456",13,"Jordan Waters",LAR,"RB132","11","","","5 out of 5 stars","-"
"457",13,"Diontae Johnson",FA,"WR159","-","","","-","-"
"458",13,"Joe Milton III",DAL,"QB45","14","","","2 out of 5 stars","-120"
"459",13,"Brandin Cooks",FA,"WR160","-","","","-","-"
"460",13,"Ronnie Bell",NO,"WR161","8","","","3 out of 5 stars","-"
"461",14,"Matt Hibner",BAL,"TE73","13","","","4 out of 5 stars","-110"
"462",14,"Cam Akers",FA,"RB133","-","","","-","-"
"463",14,"Graig Cooper",FA,"RB134","-","","","-","-"
"464",14,"Dante Miller",NYG,"RB135","8","","","4 out of 5 stars","-"
"465",14,"Robert Henry Jr.",WAS,"RB136","7","","","4 out of 5 stars","-61"
"466",14,"Van Jefferson",WAS,"WR162","7","","","2 out of 5 stars","-"
"467",14,"Myles Montgomery",NE,"RB137","11","","","2 out of 5 stars","-"
"468",14,"Zavier Scott",MIN,"RB138","6","","","4 out of 5 stars","-"
"469",14,"Ronnie Rivers",LAR,"RB139","11","","","5 out of 5 stars","-"
"470",14,"Zay Jones",FA,"WR163","-","","","-","-"
"471",14,"Hunter Luepke",DAL,"RB140","14","","","4 out of 5 stars","-"
"472",14,"Josh Reynolds",FA,"WR164","-","","","-","-"
"473",14,"Drew Sample",CIN,"TE74","6","","","3 out of 5 stars","-"
"474",14,"Malik Benson",LV,"WR165","13","","","2 out of 5 stars","-149"
"475",14,"Clyde Edwards-Helaire",FA,"RB141","-","","","-","-"
"476",14,"Chip Trayanum",NYJ,"RB142","13","","","3 out of 5 stars","-"
"477",14,"Spencer Shrader",IND,"K23","13","","","4 out of 5 stars","-"
"478",14,"Charlie Kolar",LAC,"TE75","7","","","4 out of 5 stars","-207"
"479",14,"Blake Grupe",IND,"K24","13","","","4 out of 5 stars","-"
"480",14,"Jake Moody",WAS,"K25","7","","","5 out of 5 stars","-"
"481",14,"Donovan Edwards",MIA,"RB143","6","","","3 out of 5 stars","-"
"482",14,"Jack Endries",CIN,"TE76","6","","","3 out of 5 stars","-140"
"483",14,"Michael Burton",CLE,"RB144","11","","","3 out of 5 stars","-"
"484",14,"Kalel Mullings",TEN,"RB145","9","","","3 out of 5 stars","-"
"485",14,"Chad Ryland",ARI,"K26","14","","","2 out of 5 stars","-"
"486",14,"Washington Commanders",WAS,"DST29","7","","","2 out of 5 stars","-"
"487",14,"Taysom Hill",FA,"TE77","-","","","-","-82"
"488",14,"Hunter Renfrow",FA,"WR166","-","","","-","-"
"489",14,"Mo Alie-Cox",IND,"TE78","13","","","3 out of 5 stars","-"
"490",14,"Albert Okwuegbunam Jr.",LV,"TE79","13","","","3 out of 5 stars","-"
"491",14,"Myles Gaskin",FA,"RB146","-","","","-","-"
"492",14,"Tai Felton",MIN,"WR167","6","","","5 out of 5 stars","-"
"493",14,"Pierre Strong Jr.",GB,"RB147","11","","","4 out of 5 stars","-"
"494",14,"Zamir White",LV,"RB148","13","","","2 out of 5 stars","-"
"495",14,"Tim Patrick",NYJ,"WR168","13","","","4 out of 5 stars","-131"
"496",14,"Jermaine Burton",FA,"WR169","-","","","-","-"
"497",14,"Nate Adkins",DEN,"TE80","10","","","4 out of 5 stars","-"
"498",14,"Mecole Hardman Jr.",BUF,"WR170","7","","","4 out of 5 stars","-"
"499",14,"Durham Smythe",BAL,"TE81","13","","","4 out of 5 stars","-"
"500",14,"Will Dissly",FA,"TE82","-","","","-","-"
"501",14,"Cade Klubnik",NYJ,"QB46","13","","","4 out of 5 stars","-192"
"502",14,"Russell Gage Jr.",FA,"WR171","-","","","-","-"
"503",14,"Will Mallory",IND,"TE83","13","","","3 out of 5 stars","-"
"504",14,"Trey Sermon",FA,"RB149","-","","","-","-"
"505",14,"Ja'Lynn Polk",NO,"WR172","8","","","3 out of 5 stars","-"
"506",14,"JuJu Smith-Schuster",NYG,"WR173","8","","","4 out of 5 stars","-"
"507",14,"Gardner Minshew II",ARI,"QB47","14","","","2 out of 5 stars","-132"
"508",14,"Salvon Ahmed",CHI,"RB150","10","","","2 out of 5 stars","-"
"509",14,"Deon Jackson",FA,"RB151","-","","","-","-"
"510",14,"Moliki Matavao",NO,"TE84","8","","","2 out of 5 stars","-"
"511",14,"Tyler Conklin",DET,"TE85","6","","","3 out of 5 stars","-110"
"512",14,"Jordan Akins",FA,"TE86","-","","","-","-"
"513",14,"Lan Larison",NE,"RB152","11","","","2 out of 5 stars","-"
"514",14,"Julian Hill",NE,"TE87","11","","","4 out of 5 stars","-"
"515",14,"Quinn Ewers",MIA,"QB48","6","","","3 out of 5 stars","-152"
"516",14,"Xavier Restrepo",TEN,"WR174","9","","","3 out of 5 stars","-"
"517",14,"Jakobie Keeney-James",FA,"WR175","-","","","-","-"
"518",14,"Will Kacmarek",MIA,"TE88","6","","","5 out of 5 stars","-177"
"519",14,"Frank Gore Jr.",BUF,"RB153","7","","","2 out of 5 stars","-"
"520",14,"Elijah Dotson",FA,"RB154","-","","","-","-"
"521",14,"Montorie Foster Jr.",SEA,"WR176","11","","","3 out of 5 stars","-"
"522",14,"Jermar Jefferson",FA,"RB155","-","","","-","-"
"523",14,"Riley Nowakowski",PIT,"TE89","9","","","2 out of 5 stars","-"
"524",14,"Devonte Boyd",FA,"WR177","-","","","-","-"
"525",14,"Avery Williams",FA,"RB156","-","","","-","-"
"526",14,"Michael Woods II",FA,"WR178","-","","","-","-"
"527",14,"Sincere McCormick",SF,"RB157","8","","","2 out of 5 stars","-"
"528",14,"Xavier Weaver",ARI,"WR179","14","","","2 out of 5 stars","-132"
"529",14,"Jacardia Wright",SEA,"RB158","11","","","4 out of 5 stars","-"
"530",14,"Michael Briscoe",MIN,"WR180","6","","","5 out of 5 stars","-"
"531",14,"Jabari Small",DET,"RB159","6","","","5 out of 5 stars","-"
"532",14,"Lil'Jordan Humphrey",DEN,"WR181","10","","","2 out of 5 stars","-"
"533",14,"Kaden Wetjen",PIT,"WR182","9","","","3 out of 5 stars","-"
"534",14,"Nathan Carter",ATL,"RB160","11","","","2 out of 5 stars","-"
"535",14,"Quez Watkins",PHI,"WR183","10","","","4 out of 5 stars","-"
"536",14,"Seydou Traore",MIA,"TE90","6","","","5 out of 5 stars","-"
"537",14,"Anthony McFarland Jr.",FA,"RB161","-","","","-","-"
"538",14,"Miles Davis",CAR,"RB162","5","","","1 out of 5 stars","-"
"539",14,"Josh Williams",TB,"RB163","10","","","2 out of 5 stars","-"
"540",14,"Max Bredeson",MIN,"RB164","6","","","4 out of 5 stars","-"
"541",14,"Braxton Berrios",NYG,"WR184","8","","","4 out of 5 stars","-"
"542",14,"Ulysses Bentley IV",IND,"RB165","13","","","4 out of 5 stars","-"
"543",14,"Ray-Ray McCloud III",FA,"WR185","-","","","-","-"
"544",14,"Desmond Reid",FA,"RB166","-","","","-","-"
"545",14,"Jonathan Williams",FA,"RB167","-","","","-","-"
"546",14,"Casey Washington",FA,"WR186","-","","","-","-"
"547",14,"Evan Hull",HOU,"RB168","8","","","4 out of 5 stars","-"
"548",14,"Myles Price",MIN,"WR187","6","","","5 out of 5 stars","-"
"549",14,"Montrell Johnson Jr.",FA,"RB169","-","","","-","-"
"550",14,"Nick Bawden",FA,"RB170","-","","","-","-"
"551",14,"Kendric Pryor",CIN,"WR188","6","","","4 out of 5 stars","-"
"552",14,"Omarius Hines",FA,"WR189","-","","","-","-"
"553",14,"Tyler Goodson",ATL,"RB171","11","","","2 out of 5 stars","-"
"554",14,"Miles Kitselman",DET,"TE91","6","","","3 out of 5 stars","-"
"555",14,"Dean Connors",LAR,"RB172","11","","","5 out of 5 stars","-"
"556",14,"Alec Ingold",LAC,"RB173","7","","","3 out of 5 stars","-"
"557",14,"Carsen Ryan",CLE,"TE92","11","","","3 out of 5 stars","-"
"558",14,"Wendell Smallwood",FA,"RB174","-","","","-","-"
"559",14,"Royce Freeman",FA,"RB175","-","","","-","-"
"560",14,"Isaiah Hodgins",NYG,"WR190","8","","","4 out of 5 stars","-"
"561",14,"Michael Bandy",DEN,"WR191","10","","","2 out of 5 stars","-"
"562",14,"Joe Royer",CLE,"TE93","11","","","3 out of 5 stars","-"
"563",14,"Roman Hemby",LV,"RB176","13","","","2 out of 5 stars","-"
"564",14,"Jalen Brooks",ARI,"WR192","14","","","2 out of 5 stars","-"
"565",14,"David Moore",CAR,"WR193","5","","","2 out of 5 stars","-"
"566",14,"Khalil Dinkins",SF,"TE94","8","","","3 out of 5 stars","-"
"567",15,"Jamal Haynes",CIN,"RB177","6","","","2 out of 5 stars","-"
"568",15,"Jacob Saylors",DET,"RB178","6","","","5 out of 5 stars","-"
"569",15,"Tanner Koziol",JAC,"TE95","7","","","3 out of 5 stars","-238"
"570",15,"Craig Reynolds",FA,"RB179","-","","","-","-"
"571",15,"Michael Wortham",JAC,"WR194","7","","","4 out of 5 stars","-"
"572",15,"Gus Edwards",FA,"RB180","-","","","-","-"
"573",15,"Nick Folk",ATL,"K27","11","","","0 out of 5 stars","-"
"574",15,"Jordan Mims",FA,"RB181","-","","","-","-"
"575",15,"Michael Trigg",DAL,"TE96","14","","","2 out of 5 stars","-199"
"576",15,"Ja'Quinden Jackson",FA,"RB182","-","","","-","-"
"577",15,"Kye Robichaux",DET,"RB183","6","","","5 out of 5 stars","-"
"578",15,"Josh Cuevas",BAL,"TE97","13","","","4 out of 5 stars","-"
"579",15,"Theo Wease Jr.",MIA,"WR195","6","","","3 out of 5 stars","-210"
"580",15,"Patrick Ricard",NYG,"RB184","8","","","4 out of 5 stars","-"
"581",15,"Logan Thomas",FA,"TE98","-","","","-","-"
"582",15,"Adam Prentice",DEN,"RB185","10","","","2 out of 5 stars","-"
"583",15,"Kendall Milton",CIN,"RB186","6","","","2 out of 5 stars","-"
"584",15,"Brandon McManus",FA,"K28","-","","","-","-"
"585",15,"Jase McClellan",FA,"RB187","-","","","-","-"
"586",15,"Bo Melton",GB,"WR196","11","","","5 out of 5 stars","-"
"587",15,"Ben Sauls",NYG,"K29","8","","","2 out of 5 stars","-"
"588",15,"Jaheim Bell",PIT,"TE99","9","","","2 out of 5 stars","-"
"589",15,"Darrynton Evans",FA,"RB188","-","","","-","-"
"590",15,"Dominic Lovett",DET,"WR197","6","","","4 out of 5 stars","-"
"591",15,"Lewis Bond",HOU,"WR198","8","","","3 out of 5 stars","-"
"592",15,"Luke Farrell",SF,"TE100","8","","","3 out of 5 stars","-"
"593",15,"Anthony Smith",DAL,"WR199","14","","","2 out of 5 stars","-"
"594",15,"Emmanuel Henderson Jr.",SEA,"WR200","11","","","3 out of 5 stars","-"
"595",15,"Ricky White III",SEA,"WR201","11","","","3 out of 5 stars","-"
"596",15,"Kaden Prather",FA,"WR202","-","","","-","-"
"597",15,"Trayveon Williams",FA,"RB189","-","","","-","-"
"598",15,"Tyler Johnson",DAL,"WR203","14","","","2 out of 5 stars","-"
"599",15,"Bauer Sharp",TB,"TE101","10","","","2 out of 5 stars","-"
"600",15,"Charlie Woerner",ATL,"TE102","11","","","3 out of 5 stars","-"
"601",15,"Julius Chestnut",TEN,"RB190","9","","","3 out of 5 stars","-"
"602",15,"DeeJay Dallas",JAC,"RB191","7","","","4 out of 5 stars","-"
"603",15,"Joey Slye",TEN,"K30","9","","","4 out of 5 stars","-"
"604",15,"Dale Moss",FA,"WR204","-","","","-","-"
"605",15,"Andrew Beck",NYJ,"TE103","13","","","4 out of 5 stars","-"
"606",15,"CJ Williams",JAC,"WR205","7","","","4 out of 5 stars","-"
"607",15,"Blake Watson",FA,"RB192","-","","","-","-"
"608",15,"Carlos Washington Jr.",MIA,"RB193","6","","","3 out of 5 stars","-"
"609",15,"Carson Steele",PHI,"RB194","10","","","4 out of 5 stars","-"
"610",15,"Chase Edmonds",WAS,"RB195","7","","","4 out of 5 stars","-"
"611",15,"Chris Evans",FA,"RB196","-","","","-","-"
"612",15,"Tyler Badie",DEN,"RB197","10","","","2 out of 5 stars","-"
"613",15,"D'Ernest Johnson",FA,"RB198","-","","","-","-"
"614",15,"Malik Taylor",FA,"WR206","-","","","-","-"
"615",15,"D'Onta Foreman",FA,"RB199","-","","","-","-"
"616",15,"Kameron Johnson",TB,"WR207","10","","","4 out of 5 stars","-"
"617",15,"Dare Ogunbowale",FA,"RB200","-","","","-","-207"
"618",15,"Deuce Vaughn",FA,"RB201","-","","","-","-"
"619",15,"Dillon Johnson",FA,"RB202","-","","","-","-"
"620",15,"Dontrell Hilliard",FA,"RB203","-","","","-","-"
"621",15,"Eric Gray",NYG,"RB204","8","","","4 out of 5 stars","-"
"622",15,"Hassan Haskins",LAC,"RB205","7","","","3 out of 5 stars","-"
"623",15,"Israel Abanikanda",DAL,"RB206","14","","","4 out of 5 stars","-"
"624",15,"JaMycal Hasty",FA,"RB207","-","","","-","-"
"625",15,"Jashaun Corbin",FA,"RB208","-","","","-","-"
"626",15,"Bisi Johnson",FA,"WR208","-","","","-","-"
"627",15,"Jeff Wilson Jr.",FA,"RB209","-","","","-","-"
"628",15,"Jonathan Ward",FA,"RB210","-","","","-","-"
"629",15,"Kenny McIntosh",SEA,"RB211","11","","","4 out of 5 stars","-"
"630",15,"Kevin Harris",FA,"RB212","-","","","-","-"
"631",15,"Lew Nichols III",PIT,"RB213","9","","","2 out of 5 stars","-"
"632",15,"Gage Larvadain",CLE,"WR209","11","","","3 out of 5 stars","-"
"633",15,"Ross Dwelley",FA,"TE104","-","","","-","-"
"634",15,"Kendrick Law",DET,"WR210","6","","","4 out of 5 stars","-"
"635",15,"Raheem Blackshear",FA,"RB214","-","","","-","-"
"636",15,"Tanner Conner",NYG,"TE105","8","","","3 out of 5 stars","-"
"637",15,"Johnny Mundt",PHI,"TE106","10","","","4 out of 5 stars","-"
"638",15,"Drew Ogletree",IND,"TE107","13","","","3 out of 5 stars","-"
"639",15,"Cade Stover",HOU,"TE108","8","","","4 out of 5 stars","-261"
"640",15,"Jimmy Horn Jr.",CAR,"WR211","5","","","2 out of 5 stars","-255"
"641",15,"Josiah Deguara",FA,"TE109","-","","","-","-"
"642",15,"Ryan Griffin",FA,"TE110","-","","","-","-"
"643",15,"Reggie Gilliam",NE,"RB215","11","","","2 out of 5 stars","-"
"644",15,"Pharaoh Brown",FA,"TE111","-","","","-","-"
"645",15,"Reggie Virgil",ARI,"WR212","14","","","2 out of 5 stars","-"
"646",15,"Tip Reiman",ARI,"TE112","14","","","2 out of 5 stars","-"
"647",15,"Connor Heyward",LV,"TE113","13","","","3 out of 5 stars","-"
"648",15,"Gavin Bartholomew",MIN,"TE114","6","","","4 out of 5 stars","-"
"649",15,"Anthony Firkser",WAS,"TE115","7","","","1 out of 5 stars","-"
"650",15,"Jack Stoll",CLE,"TE116","11","","","3 out of 5 stars","-253"
"651",15,"Ben Sims",MIA,"TE117","6","","","5 out of 5 stars","-"
"652",15,"Brevyn Spann-Ford",DAL,"TE118","14","","","2 out of 5 stars","-268"
"653",15,"Jared Wiley",KC,"TE119","5","","","4 out of 5 stars","-"
"654",15,"Tucker Fisk",FA,"TE120","-","","","-","-"
"655",15,"Ian Thomas",LV,"TE121","13","","","3 out of 5 stars","-"
"656",15,"Jeremy Ruckert",NYJ,"TE122","13","","","4 out of 5 stars","-264"
"657",15,"Josh Whyle",GB,"TE123","11","","","2 out of 5 stars","-"
"658",15,"Foster Moreau",HOU,"TE124","8","","","4 out of 5 stars","-"
"659",15,"Cedrick Wilson Jr.",DET,"WR213","6","","","4 out of 5 stars","-"
"660",15,"Geoff Swaim",FA,"TE125","-","","","-","-"
"661",15,"Harrison Bryant",SEA,"TE126","11","","","3 out of 5 stars","-"
"662",16,"Hunter Long",JAC,"TE127","7","","","3 out of 5 stars","-"
"663",16,"James Mitchell",CAR,"TE128","5","","","2 out of 5 stars","-"
"664",16,"Tyrion Davis-Price",FA,"RB216","-","","","-","-"
"665",16,"Lucas Krull",DEN,"TE129","10","","","4 out of 5 stars","-"
"666",16,"Stone Smartt",PHI,"TE130","10","","","4 out of 5 stars","-"
"667",16,"Brayden Willis",SF,"TE131","8","","","3 out of 5 stars","-"
"668",16,"Chris Manhertz",NYG,"TE132","8","","","3 out of 5 stars","-"
"669",16,"Cole Turner",MIA,"TE133","6","","","5 out of 5 stars","-"
"670",16,"Devin Culp",TB,"TE134","10","","","2 out of 5 stars","-"
"671",16,"Eric Saubert",SEA,"TE135","11","","","3 out of 5 stars","-"
"672",16,"Jesper Horsted",FA,"TE136","-","","","-","-"
"673",16,"Velus Jones Jr.",SEA,"WR214","11","","","3 out of 5 stars","-"
"674",16,"Michael Jacobson",FA,"TE137","-","","","-","-"
"675",16,"Noah Brown",FA,"WR215","-","","","-","-"
"676",16,"Payne Durham",TB,"TE138","10","","","2 out of 5 stars","-"
"677",16,"Teagan Quitoriano",ARI,"TE139","14","","","2 out of 5 stars","-"
"678",16,"Quintin Morris",JAC,"TE140","7","","","3 out of 5 stars","-"
"679",16,"Blake Whiteheart",CLE,"TE141","11","","","3 out of 5 stars","-"
"680",16,"Brevin Jordan",HOU,"TE142","8","","","4 out of 5 stars","-"
"681",16,"Brycen Hopkins",FA,"TE143","-","","","-","-"
"682",16,"CJ Dippre",NE,"TE144","11","","","4 out of 5 stars","-"
"683",16,"Curtis Hodges",FA,"TE145","-","","","-","-"
"684",16,"Skyy Moore",GB,"WR216","11","","","5 out of 5 stars","-"
"685",16,"Davis Allen",LAR,"TE146","11","","","4 out of 5 stars","-"
"686",16,"Anthony Gould",IND,"WR217","13","","","4 out of 5 stars","-"
"687",16,"Gerald Everett",FA,"TE147","-","","","-","-"
"688",16,"Grant Calcaterra",PHI,"TE148","10","","","4 out of 5 stars","-365"
"689",16,"John Hurst",FA,"WR218","-","","","-","-"
"690",16,"Jake Briningstool",KC,"TE149","5","","","4 out of 5 stars","-"
"691",16,"Jelani Woods",NYJ,"TE150","13","","","4 out of 5 stars","-"
"692",16,"Kenny Yeboah",ARI,"TE151","14","","","2 out of 5 stars","-"
"693",16,"Ko Kieft",TB,"TE152","10","","","2 out of 5 stars","-"
"694",16,"Marquez Valdes-Scantling",DAL,"WR219","14","","","2 out of 5 stars","-390"
"695",16,"Kylen Granson",TEN,"TE153","9","","","3 out of 5 stars","-"
"696",16,"Luke Lachey",GB,"TE154","11","","","2 out of 5 stars","-"
"697",16,"Mitchell Wilcox",FA,"TE155","-","","","-","-"
"698",16,"Nick Boyle",FA,"TE156","-","","","-","-"
"699",16,"Nick Vannett",LAR,"TE157","11","","","4 out of 5 stars","-"
"700",16,"Noah Togiai",FA,"TE158","-","","","-","-"
"701",16,"Peyton Hendershot",FA,"TE159","-","","","-","-"
"702",16,"Sean McKeon",IND,"TE160","13","","","3 out of 5 stars","-"
"703",16,"Tyler Davis",FA,"WR220","-","","","-","-"
"704",16,"Zach Gentry",FA,"TE161","-","","","-","-"
"705",16,"Gabe Davis",FA,"WR221","-","","","-","-"
"706",16,"Jonathan Mingo",DAL,"WR222","14","","","2 out of 5 stars","-"
"707",16,"Nelson Agholor",FA,"WR223","-","","","-","-"
"708",16,"Brycen Tremayne",CAR,"WR224","5","","","2 out of 5 stars","-"
"709",16,"DeAndre Carter",FA,"WR225","-","","","-","-"
"710",16,"Tyrell Shavers",BUF,"WR226","7","","","4 out of 5 stars","-"
"711",16,"Jake Bobo",SEA,"WR227","11","","","3 out of 5 stars","-312"
"712",16,"Tahj Washington",MIA,"WR228","6","","","3 out of 5 stars","-"
"713",16,"Bub Means",NO,"WR229","8","","","3 out of 5 stars","-"
"714",16,"Mason Tipton",NO,"WR230","8","","","3 out of 5 stars","-"
"715",16,"Barion Brown",NO,"WR231","8","","","3 out of 5 stars","-"
"716",16,"Josh Cameron",JAC,"WR232","7","","","4 out of 5 stars","-"
"717",16,"KeAndre Lambert-Smith",LAC,"WR233","7","","","2 out of 5 stars","-345"
"718",16,"Jordan Watkins",SF,"WR234","8","","","2 out of 5 stars","-"
"719",16,"Stephen Campbell",FA,"RB217","-","","","-","-"
"720",16,"Marquez Callaway",FA,"WR235","-","","","-","-"
"721",16,"Samori Toure",PHI,"WR236","10","","","4 out of 5 stars","-"
"722",16,"Scotty Miller",CHI,"WR237","10","","","3 out of 5 stars","-"
"723",16,"Trenton Irwin",FA,"WR238","-","","","-","-"
"724",16,"Dee Eskridge",FA,"WR239","-","","","-","-"
"725",16,"LaJohntay Wester",BAL,"WR240","13","","","4 out of 5 stars","-"
"726",16,"Tylan Wallace",CLE,"WR241","11","","","3 out of 5 stars","-"
"727",16,"Allen Lazard",FA,"WR242","-","","","-","-"
"728",16,"Arian Smith",NYJ,"WR243","13","","","4 out of 5 stars","-"
"729",16,"Curtis Samuel",FA,"WR244","-","","","-","-"
"730",16,"Jamari Thrash",CLE,"WR245","11","","","3 out of 5 stars","-"
"731",16,"Jason Brownlee",KC,"WR246","5","","","2 out of 5 stars","-"
"732",16,"KhaDarel Hodge",FA,"WR247","-","","","-","-"
"733",16,"Shedrick Jackson",LV,"WR248","13","","","2 out of 5 stars","-"
"734",16,"Ainias Smith",CAR,"WR249","5","","","2 out of 5 stars","-"
"735",16,"Anthony Schwartz",FA,"WR250","-","","","-","-"
"736",16,"Austin Trammell",JAC,"WR251","7","","","4 out of 5 stars","-"
"737",16,"Brandon Powell",FA,"WR252","-","","","-","-"
"738",16,"Britain Covey",PHI,"WR253","10","","","4 out of 5 stars","-"
"739",16,"Byron Pringle",FA,"WR254","-","","","-","-"
"740",16,"Charlie Jones",CIN,"WR255","6","","","4 out of 5 stars","-"
"741",16,"Chris Blair",ATL,"WR256","11","","","3 out of 5 stars","-"
"742",16,"Cody Thompson",FA,"WR257","-","","","-","-"
"743",16,"Danny Gray",PHI,"WR258","10","","","4 out of 5 stars","-"
"744",16,"Daurice Fountain",FA,"WR259","-","","","-","-"
"745",16,"Derius Davis",LAC,"WR260","7","","","2 out of 5 stars","-"
"746",16,"Equanimeous St. Brown",FA,"WR261","-","","","-","-"
"747",16,"Isaiah McKenzie",FA,"WR262","-","","","-","-"
"748",16,"Jacob Cowing",SF,"WR263","8","","","2 out of 5 stars","-346"
"749",16,"Jalen Guyton",FA,"WR264","-","","","-","-"
"750",16,"Jalen Reagor",MIA,"WR265","6","","","3 out of 5 stars","-"
"751",16,"Jalin Hyatt",NYG,"WR266","8","","","4 out of 5 stars","-"
"752",16,"James Proche II",FA,"WR267","-","","","-","-"
"753",16,"Javon Baker",FA,"WR268","-","","","-","-"
"754",16,"Johnny Wilson",PHI,"WR269","10","","","4 out of 5 stars","-"
"755",16,"Justin Shorter",LV,"WR270","13","","","2 out of 5 stars","-"
"756",16,"Laquon Treadwell",IND,"WR271","13","","","4 out of 5 stars","-"
"757",16,"Laviska Shenault Jr.",FA,"WR272","-","","","-","-"
"758",16,"Malachi Corley",CLE,"WR273","11","","","3 out of 5 stars","-"
"759",16,"Nick Nash",WAS,"WR274","7","","","2 out of 5 stars","-"
"760",16,"Nikko Remigio",KC,"WR275","5","","","2 out of 5 stars","-"
"761",16,"Rakim Jarrett",FA,"WR276","-","","","-","-"
"762",16,"Tejhaun Palmer",ARI,"WR277","14","","","2 out of 5 stars","-"
"763",16,"Tim Jones",JAC,"WR278","7","","","4 out of 5 stars","-"
"764",16,"Trey Palmer",NO,"WR279","8","","","3 out of 5 stars","-"
"765",16,"Trishton Jackson",FA,"WR280","-","","","-","-"
"766",16,"Xavier Gipson",NYG,"WR281","8","","","4 out of 5 stars","-"
"767",16,"Zach Pascal",FA,"WR282","-","","","-","-"
"768",16,"Ross Travis",FA,"TE162","-","","","-","-"
"769",16,"Mazeo Bennett",FA,"WR283","-","","","-","-"